[
  {
    "completions": [
      {
        "created_at": 1624893402,
        "id": 8001,
        "lead_time": 510.166,
        "result": [
          {
            "from_name": "Type",
            "id": "7HV61NnFoy",
            "to_name": "image",
            "type": "choices",
            "value": {
              "choices": [
                "Female"
              ]
            }
          },
          {
            "from_name": "Clothes",
            "id": "U8Op3zbY_V",
            "to_name": "image",
            "type": "choices",
            "value": {
              "choices": [
                "Suit",
                "Tuxedo"
              ]
            }
          },
          {
            "from_name": "Accecories",
            "id": "_5GugYr33q",
            "to_name": "image",
            "type": "choices",
            "value": {
              "choices": [
                "Necklace",
                "Belt"
              ]
            }
          },
          {
            "from_name": "Footwear",
            "id": "Re18STHIbz",
            "to_name": "image",
            "type": "choices",
            "value": {
              "choices": [
                "Heels"
              ]
            }
          },
          {
            "from_name": "Color",
            "id": "Gf6MXbVwzS",
            "to_name": "image",
            "type": "choices",
            "value": {
              "choices": [
                "Red"
              ]
            }
          }
        ]
      }
    ],
    "data": {
      "image": "/data/upload/8df8a9-Female_16.jpg"
    },
    "id": 8
  },
  {
    "completions": [
      {
        "created_at": 1624893119,
        "id": 16001,
        "lead_time": 64.18,
        "result": [
          {
            "from_name": "Clothes",
            "id": "Be6urz8wXe",
            "to_name": "image",
            "type": "choices",
            "value": {
              "choices": [
                "Dress"
              ]
            }
          },
          {
            "from_name": "Type",
            "id": "4HbjEh_Jlb",
            "to_name": "image",
            "type": "choices",
            "value": {
              "choices": [
                "Female"
              ]
            }
          },
          {
            "from_name": "Pants",
            "id": "klJK37E75y",
            "to_name": "image",
            "type": "choices",
            "value": {
              "choices": [
                "Skirt"
              ]
            }
          },
          {
            "from_name": "Accecories",
            "id": "PZdGgqFxrG",
            "to_name": "image",
            "type": "choices",
            "value": {
              "choices": [
                "Eye Glasses",
                "Watch"
              ]
            }
          },
          {
            "from_name": "Footwear",
            "id": "H836nBYikt",
            "to_name": "image",
            "type": "choices",
            "value": {
              "choices": [
                "Heels"
              ]
            }
          },
          {
            "from_name": "Color",
            "id": "InZKs3zbQA",
            "to_name": "image",
            "type": "choices",
            "value": {
              "choices": [
                "White",
                "Pink"
              ]
            }
          }
        ]
      }
    ],
    "data": {
      "image": "/data/upload/13b982-Female_26.jpg"
    },
    "id": 16
  },
  {
    "completions": [
      {
        "created_at": 1624893795,
        "id": 18001,
        "lead_time": 820.443,
        "result": [
          {
            "from_name": "Clothes",
            "id": "vf8oRK6h3b",
            "to_name": "image",
            "type": "choices",
            "value": {
              "choices": [
                "Shirt"
              ]
            }
          },
          {
            "from_name": "Type",
            "id": "LREHrdcw5Q",
            "to_name": "image",
            "type": "choices",
            "value": {
              "choices": [
                "Female"
              ]
            }
          },
          {
            "from_name": "Footwear",
            "id": "4MqDXho0Fe",
            "to_name": "image",
            "type": "choices",
            "value": {
              "choices": [
                "Heels"
              ]
            }
          },
          {
            "from_name": "Accecories",
            "id": "sP_KWPvTGG",
            "to_name": "image",
            "type": "choices",
            "value": {
              "choices": [
                "Watch"
              ]
            }
          },
          {
            "from_name": "Color",
            "id": "QdttwaXpmI",
            "to_name": "image",
            "type": "choices",
            "value": {
              "choices": [
                "Blue",
                "Yellow"
              ]
            }
          }
        ]
      }
    ],
    "data": {
      "image": "/data/upload/65f9c0-Female_29.jpg"
    },
    "id": 18
  },
  {
    "completions": [
      {
        "created_at": 1624893585,
        "id": 10001,
        "lead_time": 27.652,
        "result": [
          {
            "from_name": "Pants",
            "id": "nRtdCBynII",
            "to_name": "image",
            "type": "choices",
            "value": {
              "choices": [
                "Jeans"
              ]
            }
          },
          {
            "from_name": "Clothes",
            "id": "Ine_GrlILF",
            "to_name": "image",
            "type": "choices",
            "value": {
              "choices": [
                "T-Shirt"
              ]
            }
          },
          {
            "from_name": "Type",
            "id": "mQSqeRHmJ8",
            "to_name": "image",
            "type": "choices",
            "value": {
              "choices": [
                "Female"
              ]
            }
          },
          {
            "from_name": "Footwear",
            "id": "pQX4P-Ps_7",
            "to_name": "image",
            "type": "choices",
            "value": {
              "choices": [
                "Heels"
              ]
            }
          },
          {
            "from_name": "Accecories",
            "id": "PeOPJhiY2k",
            "to_name": "image",
            "type": "choices",
            "value": {
              "choices": [
                "Eye Glasses"
              ]
            }
          },
          {
            "from_name": "Color",
            "id": "wgUhasL1S1",
            "to_name": "image",
            "type": "choices",
            "value": {
              "choices": [
                "Brown",
                "Blue"
              ]
            }
          }
        ]
      }
    ],
    "data": {
      "image": "/data/upload/43a732-Female_18.jpg"
    },
    "id": 10
  },
  {
    "completions": [
      {
        "created_at": 1624893760,
        "id": 3001,
        "lead_time": 25.71,
        "result": [
          {
            "from_name": "Clothes",
            "id": "PTk9PgQX5u",
            "to_name": "image",
            "type": "choices",
            "value": {
              "choices": [
                "Jacket",
                "Cardigan"
              ]
            }
          },
          {
            "from_name": "Type",
            "id": "058Dlo2sXg",
            "to_name": "image",
            "type": "choices",
            "value": {
              "choices": [
                "Female"
              ]
            }
          },
          {
            "from_name": "Accecories",
            "id": "JuFI3AMp3l",
            "to_name": "image",
            "type": "choices",
            "value": {
              "choices": [
                "Eye Glasses",
                "Necklace"
              ]
            }
          },
          {
            "from_name": "Color",
            "id": "HQPLsl7G7u",
            "to_name": "image",
            "type": "choices",
            "value": {
              "choices": [
                "White",
                "Grey"
              ]
            }
          }
        ]
      }
    ],
    "data": {
      "image": "/data/upload/06b179-Female_4.jpg"
    },
    "id": 3
  },
  {
    "completions": [
      {
        "created_at": 1624893623,
        "id": 19001,
        "lead_time": 30.118,
        "result": [
          {
            "from_name": "Type",
            "id": "yafCGolIY0",
            "to_name": "image",
            "type": "choices",
            "value": {
              "choices": [
                "Female"
              ]
            }
          },
          {
            "from_name": "Clothes",
            "id": "u027l1lzxM",
            "to_name": "image",
            "type": "choices",
            "value": {
              "choices": [
                "Shirt",
                "Jacket"
              ]
            }
          },
          {
            "from_name": "Pants",
            "id": "IszNwmXNa-",
            "to_name": "image",
            "type": "choices",
            "value": {
              "choices": [
                "Corduroy"
              ]
            }
          },
          {
            "from_name": "Accecories",
            "id": "56vDY_PppE",
            "to_name": "image",
            "type": "choices",
            "value": {
              "choices": [
                "Wrist"
              ]
            }
          },
          {
            "from_name": "Color",
            "id": "eIkwBFqBg_",
            "to_name": "image",
            "type": "choices",
            "value": {
              "choices": [
                "Red",
                "Pink"
              ]
            }
          }
        ]
      }
    ],
    "data": {
      "image": "/data/upload/af5d53-Female_31.jpg"
    },
    "id": 19
  },
  {
    "completions": [
      {
        "created_at": 1624893443,
        "id": 4001,
        "lead_time": 36.431,
        "result": [
          {
            "from_name": "Color",
            "id": "Q2ywQ79C7M",
            "to_name": "image",
            "type": "choices",
            "value": {
              "choices": [
                "White",
                "Blue",
                "Green",
                "Pink"
              ]
            }
          },
          {
            "from_name": "Footwear",
            "id": "VO4uAH3R6Y",
            "to_name": "image",
            "type": "choices",
            "value": {
              "choices": [
                "Slipper"
              ]
            }
          },
          {
            "from_name": "Accecories",
            "id": "_5sGbKhpZb",
            "to_name": "image",
            "type": "choices",
            "value": {
              "choices": [
                "Hat",
                "Watch"
              ]
            }
          },
          {
            "from_name": "Clothes",
            "id": "ucd2CbReVK",
            "to_name": "image",
            "type": "choices",
            "value": {
              "choices": [
                "T-Shirt",
                "Jacket"
              ]
            }
          },
          {
            "from_name": "Type",
            "id": "aNx5YkGKCO",
            "to_name": "image",
            "type": "choices",
            "value": {
              "choices": [
                "Female"
              ]
            }
          },
          {
            "from_name": "Pants",
            "id": "kRGyulCr1x",
            "to_name": "image",
            "type": "choices",
            "value": {
              "choices": [
                "Skirt"
              ]
            }
          }
        ]
      }
    ],
    "data": {
      "image": "/data/upload/a0e0d3-Female_6.jpg"
    },
    "id": 4
  },
  {
    "completions": [
      {
        "created_at": 1624893701,
        "id": 15001,
        "lead_time": 32.442,
        "result": [
          {
            "from_name": "Type",
            "id": "j5-oCc2Sji",
            "to_name": "image",
            "type": "choices",
            "value": {
              "choices": [
                "Female"
              ]
            }
          },
          {
            "from_name": "Clothes",
            "id": "aNdiD8jb8r",
            "to_name": "image",
            "type": "choices",
            "value": {
              "choices": [
                "Shirt"
              ]
            }
          },
          {
            "from_name": "Pants",
            "id": "eXUNy0p3R6",
            "to_name": "image",
            "type": "choices",
            "value": {
              "choices": [
                "Skirt"
              ]
            }
          },
          {
            "from_name": "Accecories",
            "id": "h7Dvj6Cg35",
            "to_name": "image",
            "type": "choices",
            "value": {
              "choices": [
                "Hat",
                "Eye Glasses"
              ]
            }
          },
          {
            "from_name": "Footwear",
            "id": "t42EFxUbku",
            "to_name": "image",
            "type": "choices",
            "value": {
              "choices": [
                "Heels"
              ]
            }
          },
          {
            "from_name": "Color",
            "id": "if6HUlBksw",
            "to_name": "image",
            "type": "choices",
            "value": {
              "choices": [
                "White",
                "Green"
              ]
            }
          }
        ]
      }
    ],
    "data": {
      "image": "/data/upload/9ee49e-Female_25.jpg"
    },
    "id": 15
  },
  {
    "completions": [
      {
        "created_at": 1624893290,
        "id": 17001,
        "lead_time": 60.021,
        "result": [
          {
            "from_name": "Type",
            "id": "hxELN3AcV2",
            "to_name": "image",
            "type": "choices",
            "value": {
              "choices": [
                "Female"
              ]
            }
          },
          {
            "from_name": "Clothes",
            "id": "r1WuP_ivik",
            "to_name": "image",
            "type": "choices",
            "value": {
              "choices": [
                "T-Shirt"
              ]
            }
          },
          {
            "from_name": "Pants",
            "id": "kZJkzSUKCT",
            "to_name": "image",
            "type": "choices",
            "value": {
              "choices": [
                "Kulot"
              ]
            }
          },
          {
            "from_name": "Accecories",
            "id": "yzDNV5uNRF",
            "to_name": "image",
            "type": "choices",
            "value": {
              "choices": [
                "Cap",
                "Hat",
                "Veil",
                "Watch"
              ]
            }
          },
          {
            "from_name": "Footwear",
            "id": "vnrCRIXVuE",
            "to_name": "image",
            "type": "choices",
            "value": {
              "choices": [
                "Sneaker"
              ]
            }
          },
          {
            "from_name": "Color",
            "id": "Gg6hoWWKSh",
            "to_name": "image",
            "type": "choices",
            "value": {
              "choices": [
                "Black",
                "White",
                "Brown"
              ]
            }
          }
        ]
      }
    ],
    "data": {
      "image": "/data/upload/4575f6-Female_27.jpg"
    },
    "id": 17
  },
  {
    "completions": [
      {
        "created_at": 1624893223,
        "id": 9001,
        "lead_time": 19.699,
        "result": [
          {
            "from_name": "Type",
            "id": "5uiKwtvMGZ",
            "to_name": "image",
            "type": "choices",
            "value": {
              "choices": [
                "Female"
              ]
            }
          },
          {
            "from_name": "Clothes",
            "id": "XL_E5iEo0W",
            "to_name": "image",
            "type": "choices",
            "value": {
              "choices": [
                "T-Shirt"
              ]
            }
          },
          {
            "from_name": "Pants",
            "id": "ys5_2HOlTG",
            "to_name": "image",
            "type": "choices",
            "value": {
              "choices": [
                "Skirt"
              ]
            }
          },
          {
            "from_name": "Accecories",
            "id": "pJPCDBG6Z6",
            "to_name": "image",
            "type": "choices",
            "value": {
              "choices": [
                "Eye Glasses",
                "Belt",
                "Watch"
              ]
            }
          },
          {
            "from_name": "Footwear",
            "id": "c8lcIZLkMV",
            "to_name": "image",
            "type": "choices",
            "value": {
              "choices": [
                "Sneaker"
              ]
            }
          },
          {
            "from_name": "Color",
            "id": "FlGdeNgT9M",
            "to_name": "image",
            "type": "choices",
            "value": {
              "choices": [
                "White",
                "Yellow"
              ]
            }
          }
        ]
      }
    ],
    "data": {
      "image": "/data/upload/f6a75d-Female_17.jpg"
    },
    "id": 9
  },
  {
    "completions": [
      {
        "created_at": 1624893666,
        "id": 6001,
        "lead_time": 14.822,
        "result": [
          {
            "from_name": "Clothes",
            "id": "hsfylHkYrd",
            "to_name": "image",
            "type": "choices",
            "value": {
              "choices": [
                "Dress"
              ]
            }
          },
          {
            "from_name": "Type",
            "id": "544fhOqnKS",
            "to_name": "image",
            "type": "choices",
            "value": {
              "choices": [
                "Female"
              ]
            }
          },
          {
            "from_name": "Footwear",
            "id": "TzOZ6Hg2WA",
            "to_name": "image",
            "type": "choices",
            "value": {
              "choices": [
                "Heels"
              ]
            }
          },
          {
            "from_name": "Color",
            "id": "ZAirIFpMWP",
            "to_name": "image",
            "type": "choices",
            "value": {
              "choices": [
                "Black",
                "White"
              ]
            }
          }
        ]
      }
    ],
    "data": {
      "image": "/data/upload/d08334-Female_11.jpg"
    },
    "id": 6
  },
  {
    "completions": [
      {
        "created_at": 1624893197,
        "id": 11001,
        "lead_time": 73.843,
        "result": [
          {
            "from_name": "Pants",
            "id": "N5jYukW7K3",
            "to_name": "image",
            "type": "choices",
            "value": {
              "choices": [
                "Skirt"
              ]
            }
          },
          {
            "from_name": "Clothes",
            "id": "7IK6a87PXd",
            "to_name": "image",
            "type": "choices",
            "value": {
              "choices": [
                "Dress"
              ]
            }
          },
          {
            "from_name": "Type",
            "id": "mjA2GgSGRc",
            "to_name": "image",
            "type": "choices",
            "value": {
              "choices": [
                "Female"
              ]
            }
          },
          {
            "from_name": "Accecories",
            "id": "Hre3jifkZb",
            "to_name": "image",
            "type": "choices",
            "value": {
              "choices": [
                "Belt"
              ]
            }
          },
          {
            "from_name": "Footwear",
            "id": "4b_I4fJip9",
            "to_name": "image",
            "type": "choices",
            "value": {
              "choices": [
                "Heels"
              ]
            }
          },
          {
            "from_name": "Color",
            "id": "8qagziMKp-",
            "to_name": "image",
            "type": "choices",
            "value": {
              "choices": [
                "Brown",
                "Red",
                "Purple"
              ]
            }
          }
        ]
      }
    ],
    "data": {
      "image": "/data/upload/756967-Female_19.jpg"
    },
    "id": 11
  },
  {
    "completions": [
      {
        "created_at": 1624892690,
        "id": 1,
        "lead_time": 225.152,
        "result": [
          {
            "from_name": "Type",
            "id": "z0EHpYeoA9",
            "to_name": "image",
            "type": "choices",
            "value": {
              "choices": [
                "Female"
              ]
            }
          },
          {
            "from_name": "Clothes",
            "id": "9gehfxO4e1",
            "to_name": "image",
            "type": "choices",
            "value": {
              "choices": [
                "Shirt"
              ]
            }
          },
          {
            "from_name": "Pants",
            "id": "6-Wb83NoDw",
            "to_name": "image",
            "type": "choices",
            "value": {
              "choices": [
                "Skirt"
              ]
            }
          },
          {
            "from_name": "Accecories",
            "id": "BjRzf_tW7p",
            "to_name": "image",
            "type": "choices",
            "value": {
              "choices": [
                "Eye Glasses"
              ]
            }
          },
          {
            "from_name": "Color",
            "id": "Xst09iF5qH",
            "to_name": "image",
            "type": "choices",
            "value": {
              "choices": [
                "White",
                "Brown",
                "Yellow"
              ]
            }
          }
        ],
        "was_cancelled": false
      }
    ],
    "data": {
      "image": "/data/upload/9371a5-Female_1.jpg"
    },
    "id": 0
  },
  {
    "completions": [
      {
        "created_at": 1624893648,
        "id": 1001,
        "lead_time": 21.939,
        "result": [
          {
            "from_name": "Type",
            "id": "WwClYShTol",
            "to_name": "image",
            "type": "choices",
            "value": {
              "choices": [
                "Female"
              ]
            }
          },
          {
            "from_name": "Clothes",
            "id": "qJ7YUtVGtw",
            "to_name": "image",
            "type": "choices",
            "value": {
              "choices": [
                "Shirt",
                "Jacket"
              ]
            }
          },
          {
            "from_name": "Pants",
            "id": "hyPu9eZ4hv",
            "to_name": "image",
            "type": "choices",
            "value": {
              "choices": [
                "Skirt"
              ]
            }
          },
          {
            "from_name": "Accecories",
            "id": "O27Dr9V7XH",
            "to_name": "image",
            "type": "choices",
            "value": {
              "choices": [
                "Eye Glasses"
              ]
            }
          },
          {
            "from_name": "Footwear",
            "id": "YnXiDplwtn",
            "to_name": "image",
            "type": "choices",
            "value": {
              "choices": [
                "Sneaker"
              ]
            }
          },
          {
            "from_name": "Color",
            "id": "ehML0moXu1",
            "to_name": "image",
            "type": "choices",
            "value": {
              "choices": [
                "Black",
                "White",
                "Yellow"
              ]
            }
          }
        ]
      }
    ],
    "data": {
      "image": "/data/upload/41e99a-Female_2.jpg"
    },
    "id": 1
  },
  {
    "completions": [
      {
        "created_at": 1624893320,
        "id": 7001,
        "lead_time": 27.061,
        "result": [
          {
            "from_name": "Type",
            "id": "vTK7KYGmTi",
            "to_name": "image",
            "type": "choices",
            "value": {
              "choices": [
                "Female"
              ]
            }
          },
          {
            "from_name": "Clothes",
            "id": "2RKkVr5SKg",
            "to_name": "image",
            "type": "choices",
            "value": {
              "choices": [
                "Shirt"
              ]
            }
          },
          {
            "from_name": "Accecories",
            "id": "j_KGYVNg6B",
            "to_name": "image",
            "type": "choices",
            "value": {
              "choices": [
                "Cap",
                "Hat"
              ]
            }
          },
          {
            "from_name": "Color",
            "id": "15q9W1NfQ4",
            "to_name": "image",
            "type": "choices",
            "value": {
              "choices": [
                "Black"
              ]
            }
          }
        ]
      }
    ],
    "data": {
      "image": "/data/upload/5cdab9-Female_12.jpg"
    },
    "id": 7
  },
  {
    "completions": [
      {
        "created_at": 1624893052,
        "id": 12001,
        "lead_time": 48.449,
        "result": [
          {
            "from_name": "Type",
            "id": "xdLhhSfwEK",
            "to_name": "image",
            "type": "choices",
            "value": {
              "choices": [
                "Female"
              ]
            }
          },
          {
            "from_name": "Clothes",
            "id": "WLiqzBpyYh",
            "to_name": "image",
            "type": "choices",
            "value": {
              "choices": [
                "Shirt"
              ]
            }
          },
          {
            "from_name": "Pants",
            "id": "jeiZOdKmuV",
            "to_name": "image",
            "type": "choices",
            "value": {
              "choices": [
                "Jeans"
              ]
            }
          },
          {
            "from_name": "Footwear",
            "id": "tAptkkgPTJ",
            "to_name": "image",
            "type": "choices",
            "value": {
              "choices": [
                "Sneaker"
              ]
            }
          },
          {
            "from_name": "Color",
            "id": "VuhmdMGNAE",
            "to_name": "image",
            "type": "choices",
            "value": {
              "choices": [
                "Black",
                "White",
                "Blue"
              ]
            }
          }
        ]
      }
    ],
    "data": {
      "image": "/data/upload/26afbd-Female_22.jpg"
    },
    "id": 12
  },
  {
    "completions": [
      {
        "created_at": 1624892942,
        "id": 2001,
        "lead_time": 31.201,
        "result": [
          {
            "from_name": "Type",
            "id": "e4v7_Bqdv0",
            "to_name": "image",
            "type": "choices",
            "value": {
              "choices": [
                "Female"
              ]
            }
          },
          {
            "from_name": "Clothes",
            "id": "uWIp_iripV",
            "to_name": "image",
            "type": "choices",
            "value": {
              "choices": [
                "Hoodie"
              ]
            }
          },
          {
            "from_name": "Accecories",
            "id": "7SFLV2VWQF",
            "to_name": "image",
            "type": "choices",
            "value": {
              "choices": [
                "Watch"
              ]
            }
          },
          {
            "from_name": "Color",
            "id": "qURTYMlA-k",
            "to_name": "image",
            "type": "choices",
            "value": {
              "choices": [
                "Grey"
              ]
            }
          }
        ]
      }
    ],
    "data": {
      "image": "/data/upload/0cdac1-Female_3.jpg"
    },
    "id": 2
  },
  {
    "completions": [
      {
        "created_at": 1624893776,
        "id": 13001,
        "lead_time": 11.978,
        "result": [
          {
            "from_name": "Clothes",
            "id": "u8Mt4XUBw4",
            "to_name": "image",
            "type": "choices",
            "value": {
              "choices": [
                "Dress"
              ]
            }
          },
          {
            "from_name": "Type",
            "id": "tVS1meX_gS",
            "to_name": "image",
            "type": "choices",
            "value": {
              "choices": [
                "Female"
              ]
            }
          },
          {
            "from_name": "Accecories",
            "id": "-Pu9ihuh_0",
            "to_name": "image",
            "type": "choices",
            "value": {
              "choices": [
                "Watch"
              ]
            }
          },
          {
            "from_name": "Color",
            "id": "OA7PQCkMA9",
            "to_name": "image",
            "type": "choices",
            "value": {
              "choices": [
                "White"
              ]
            }
          }
        ]
      }
    ],
    "data": {
      "image": "/data/upload/7e27b2-Female_23.jpg"
    },
    "id": 13
  },
  {
    "completions": [
      {
        "created_at": 1624893555,
        "id": 14001,
        "lead_time": 49.811,
        "result": [
          {
            "from_name": "Clothes",
            "id": "CLUPGPZfDc",
            "to_name": "image",
            "type": "choices",
            "value": {
              "choices": [
                "T-Shirt"
              ]
            }
          },
          {
            "from_name": "Type",
            "id": "QU_84oD-39",
            "to_name": "image",
            "type": "choices",
            "value": {
              "choices": [
                "Female"
              ]
            }
          },
          {
            "from_name": "Pants",
            "id": "oOf5EOk0cL",
            "to_name": "image",
            "type": "choices",
            "value": {
              "choices": [
                "Jeans"
              ]
            }
          },
          {
            "from_name": "Color",
            "id": "LWKkzwfs3G",
            "to_name": "image",
            "type": "choices",
            "value": {
              "choices": [
                "Brown",
                "Blue"
              ]
            }
          }
        ]
      }
    ],
    "data": {
      "image": "/data/upload/d9eff2-Female_24.jpg"
    },
    "id": 14
  },
  {
    "completions": [
      {
        "created_at": 1624893732,
        "id": 5001,
        "lead_time": 24.682,
        "result": [
          {
            "from_name": "Type",
            "id": "hWYfYCUxML",
            "to_name": "image",
            "type": "choices",
            "value": {
              "choices": [
                "Female"
              ]
            }
          },
          {
            "from_name": "Clothes",
            "id": "kms_1jxPhe",
            "to_name": "image",
            "type": "choices",
            "value": {
              "choices": [
                "Jacket",
                "Dress"
              ]
            }
          },
          {
            "from_name": "Color",
            "id": "2_PNVbEcQK",
            "to_name": "image",
            "type": "choices",
            "value": {
              "choices": [
                "Black",
                "Red"
              ]
            }
          }
        ]
      }
    ],
    "data": {
      "image": "/data/upload/124052-Female_7.jpg"
    },
    "id": 5
  }
]